"id","start_id","start_vertex_type","end_id","end_vertex_type"
"1","247","Person","818","Person"
"2","609","Person","62","Person"
"3","687","Person","573","Person"
"4","975","Person","963","Person"
"5","927","Person","729","Person"
"6","381","Person","537","Person"
"7","226","Person","910","Person"
"8","700","Person","989","Person"
"9","855","Person","275","Person"
"10","794","Person","608","Person"
"11","353","Person","459","Person"
"12","56","Person","327","Person"
"13","155","Person","982","Person"
"14","704","Person","449","Person"
"15","493","Person","226","Person"
"16","189","Person","99","Person"
"17","772","Person","403","Person"
"18","180","Person","425","Person"
"19","568","Person","18","Person"
"20","524","Person","995","Person"
"21","792","Person","456","Person"
"22","443","Person","781","Person"
"23","10","Person","254","Person"
"24","22","Person","39","Person"
"25","385","Person","322","Person"
"26","904","Person","79","Person"
"27","519","Person","596","Person"
"28","326","Person","808","Person"
"29","116","Person","108","Person"
"30","740","Person","30","Person"
"31","667","Person","835","Person"
"32","614","Person","547","Person"
"33","23","Person","106","Person"
"34","748","Person","971","Person"
"35","912","Person","590","Person"
"36","854","Person","88","Person"
"37","297","Person","169","Person"
"38","905","Person","670","Person"
"39","5","Person","662","Person"
"40","1000","Person","900","Person"
"41","340","Person","224","Person"
"42","123","Person","994","Person"
"43","730","Person","581","Person"
"44","691","Person","891","Person"
"45","80","Person","968","Person"
"46","306","Person","959","Person"
"47","744","Person","526","Person"
"48","443","Person","458","Person"
"49","589","Person","434","Person"
"50","785","Person","391","Person"
"51","875","Person","632","Person"
"52","106","Person","893","Person"
"53","765","Person","897","Person"
"54","940","Person","665","Person"
"55","703","Person","783","Person"
"56","567","Person","417","Person"
"57","803","Person","654","Person"
"58","474","Person","495","Person"
"59","61","Person","623","Person"
"60","860","Person","737","Person"
"61","241","Person","63","Person"
"62","791","Person","872","Person"
"63","389","Person","922","Person"
"64","352","Person","124","Person"
"65","929","Person","915","Person"
"66","616","Person","659","Person"
"67","103","Person","238","Person"
"68","134","Person","861","Person"
"69","359","Person","989","Person"
"70","470","Person","420","Person"
"71","788","Person","314","Person"
"72","572","Person","56","Person"
"73","595","Person","661","Person"
"74","555","Person","935","Person"
"75","442","Person","758","Person"
"76","352","Person","291","Person"
"77","142","Person","204","Person"
"78","958","Person","690","Person"
"79","904","Person","819","Person"
"80","769","Person","777","Person"
"81","954","Person","98","Person"
"82","789","Person","173","Person"
"83","532","Person","271","Person"
"84","180","Person","411","Person"
"85","250","Person","986","Person"
"86","32","Person","304","Person"
"87","884","Person","806","Person"
"88","181","Person","142","Person"
"89","394","Person","277","Person"
"90","647","Person","302","Person"
"91","842","Person","979","Person"
"92","822","Person","70","Person"
"93","872","Person","960","Person"
"94","995","Person","964","Person"
"95","850","Person","205","Person"
"96","16","Person","142","Person"
"97","776","Person","324","Person"
"98","86","Person","689","Person"
"99","774","Person","26","Person"
"100","720","Person","262","Person"
"101","697","Person","289","Person"
"102","855","Person","153","Person"
"103","996","Person","495","Person"
"104","416","Person","271","Person"
"105","35","Person","418","Person"
"106","906","Person","921","Person"
"107","504","Person","951","Person"
"108","922","Person","186","Person"
"109","505","Person","796","Person"
"110","911","Person","317","Person"
"111","72","Person","641","Person"
"112","470","Person","304","Person"
"113","201","Person","308","Person"
"114","783","Person","390","Person"
"115","440","Person","96","Person"
"116","860","Person","361","Person"
"117","723","Person","269","Person"
"118","984","Person","870","Person"
"119","152","Person","960","Person"
"120","274","Person","206","Person"
"121","479","Person","187","Person"
"122","733","Person","460","Person"
"123","767","Person","743","Person"
"124","233","Person","722","Person"
"125","928","Person","999","Person"
"126","225","Person","911","Person"
"127","381","Person","319","Person"
"128","867","Person","80","Person"
"129","613","Person","258","Person"
"130","672","Person","798","Person"
"131","254","Person","488","Person"
"132","51","Person","855","Person"
"133","898","Person","505","Person"
"134","837","Person","373","Person"
"135","359","Person","399","Person"
"136","953","Person","735","Person"
"137","81","Person","241","Person"
"138","931","Person","109","Person"
"139","998","Person","92","Person"
"140","952","Person","223","Person"
"141","186","Person","878","Person"
"142","813","Person","761","Person"
"143","37","Person","994","Person"
"144","9","Person","588","Person"
"145","955","Person","533","Person"
"146","739","Person","759","Person"
"147","594","Person","138","Person"
"148","56","Person","579","Person"
"149","517","Person","967","Person"
"150","360","Person","693","Person"
"151","297","Person","634","Person"
"152","129","Person","539","Person"
"153","908","Person","716","Person"
"154","169","Person","317","Person"
"155","744","Person","60","Person"
"156","694","Person","646","Person"
"157","481","Person","946","Person"
"158","573","Person","407","Person"
"159","12","Person","641","Person"
"160","225","Person","866","Person"
"161","592","Person","118","Person"
"162","51","Person","17","Person"
"163","998","Person","517","Person"
"164","524","Person","492","Person"
"165","225","Person","970","Person"
"166","436","Person","525","Person"
"167","758","Person","997","Person"
"168","590","Person","446","Person"
"169","682","Person","47","Person"
"170","495","Person","890","Person"
"171","671","Person","584","Person"
"172","284","Person","368","Person"
"173","378","Person","208","Person"
"174","606","Person","274","Person"
"175","266","Person","506","Person"
"176","486","Person","814","Person"
"177","13","Person","194","Person"
"178","240","Person","202","Person"
"179","33","Person","498","Person"
"180","264","Person","195","Person"
"181","970","Person","461","Person"
"182","196","Person","798","Person"
"183","39","Person","940","Person"
"184","407","Person","92","Person"
"185","426","Person","19","Person"
"186","905","Person","334","Person"
"187","672","Person","141","Person"
"188","340","Person","913","Person"
"189","975","Person","60","Person"
"190","837","Person","755","Person"
"191","114","Person","164","Person"
"192","339","Person","495","Person"
"193","305","Person","557","Person"
"194","677","Person","291","Person"
"195","511","Person","483","Person"
"196","616","Person","122","Person"
"197","184","Person","326","Person"
"198","129","Person","587","Person"
"199","287","Person","726","Person"
"200","417","Person","791","Person"
"201","642","Person","73","Person"
"202","425","Person","162","Person"
"203","748","Person","60","Person"
"204","924","Person","665","Person"
"205","744","Person","887","Person"
"206","902","Person","825","Person"
"207","214","Person","858","Person"
"208","868","Person","269","Person"
"209","129","Person","600","Person"
"210","427","Person","685","Person"
"211","154","Person","322","Person"
"212","124","Person","928","Person"
"213","44","Person","418","Person"
"214","767","Person","84","Person"
"215","380","Person","243","Person"
"216","693","Person","791","Person"
"217","981","Person","340","Person"
"218","641","Person","135","Person"
"219","394","Person","571","Person"
"220","425","Person","580","Person"
"221","242","Person","212","Person"
"222","72","Person","221","Person"
"223","346","Person","230","Person"
"224","92","Person","815","Person"
"225","958","Person","63","Person"
"226","492","Person","369","Person"
"227","46","Person","774","Person"
"228","995","Person","923","Person"
"229","907","Person","162","Person"
"230","691","Person","936","Person"
"231","721","Person","406","Person"
"232","542","Person","179","Person"
"233","909","Person","314","Person"
"234","347","Person","198","Person"
"235","820","Person","637","Person"
"236","266","Person","449","Person"
"237","265","Person","418","Person"
"238","482","Person","360","Person"
"239","533","Person","901","Person"
"240","238","Person","24","Person"
"241","873","Person","306","Person"
"242","51","Person","650","Person"
"243","484","Person","265","Person"
"244","560","Person","96","Person"
"245","800","Person","872","Person"
"246","739","Person","721","Person"
"247","96","Person","762","Person"
"248","274","Person","378","Person"
"249","853","Person","804","Person"
"250","333","Person","137","Person"
"251","591","Person","275","Person"
"252","742","Person","549","Person"
"253","69","Person","196","Person"
"254","468","Person","830","Person"
"255","178","Person","802","Person"
"256","764","Person","811","Person"
"257","621","Person","400","Person"
"258","177","Person","766","Person"
"259","186","Person","400","Person"
"260","904","Person","967","Person"
"261","108","Person","989","Person"
"262","896","Person","950","Person"
"263","940","Person","403","Person"
"264","590","Person","418","Person"
"265","698","Person","96","Person"
"266","457","Person","701","Person"
"267","321","Person","835","Person"
"268","180","Person","766","Person"
"269","716","Person","888","Person"
"270","910","Person","296","Person"
"271","590","Person","961","Person"
"272","933","Person","160","Person"
"273","348","Person","898","Person"
"274","585","Person","787","Person"
"275","557","Person","759","Person"
"276","775","Person","71","Person"
"277","623","Person","473","Person"
"278","640","Person","737","Person"
"279","234","Person","883","Person"
"280","216","Person","238","Person"
"281","553","Person","530","Person"
"282","580","Person","350","Person"
"283","45","Person","870","Person"
"284","566","Person","848","Person"
"285","841","Person","388","Person"
"286","334","Person","549","Person"
"287","554","Person","190","Person"
"288","76","Person","736","Person"
"289","42","Person","359","Person"
"290","597","Person","97","Person"
"291","96","Person","222","Person"
"292","538","Person","890","Person"
"293","962","Person","33","Person"
"294","317","Person","347","Person"
"295","837","Person","753","Person"
"296","598","Person","532","Person"
"297","740","Person","318","Person"
"298","332","Person","488","Person"
"299","335","Person","257","Person"
"300","112","Person","168","Person"
"301","985","Person","708","Person"
"302","815","Person","365","Person"
"303","41","Person","924","Person"
"304","530","Person","764","Person"
"305","89","Person","338","Person"
"306","436","Person","227","Person"
"307","923","Person","870","Person"
"308","219","Person","802","Person"
"309","185","Person","524","Person"
"310","125","Person","965","Person"
"311","317","Person","344","Person"
"312","668","Person","390","Person"
"313","231","Person","391","Person"
"314","291","Person","948","Person"
"315","522","Person","771","Person"
"316","497","Person","988","Person"
"317","883","Person","561","Person"
"318","628","Person","332","Person"
"319","436","Person","409","Person"
"320","583","Person","411","Person"
"321","457","Person","521","Person"
"322","346","Person","345","Person"
"323","483","Person","989","Person"
"324","337","Person","392","Person"
"325","373","Person","911","Person"
"326","66","Person","374","Person"
"327","627","Person","454","Person"
"328","193","Person","223","Person"
"329","666","Person","547","Person"
"330","871","Person","944","Person"
"331","51","Person","457","Person"
"332","385","Person","836","Person"
"333","199","Person","379","Person"
"334","235","Person","413","Person"
"335","843","Person","853","Person"
"336","665","Person","812","Person"
"337","43","Person","78","Person"
"338","606","Person","134","Person"
"339","136","Person","980","Person"
"340","330","Person","134","Person"
"341","257","Person","817","Person"
"342","285","Person","157","Person"
"343","446","Person","94","Person"
"344","94","Person","452","Person"
"345","871","Person","738","Person"
"346","628","Person","991","Person"
"347","559","Person","264","Person"
"348","629","Person","328","Person"
"349","442","Person","128","Person"
"350","593","Person","141","Person"
"351","352","Person","260","Person"
"352","571","Person","55","Person"
"353","179","Person","464","Person"
"354","236","Person","228","Person"
"355","384","Person","493","Person"
"356","270","Person","158","Person"
"357","964","Person","243","Person"
"358","479","Person","291","Person"
"359","780","Person","202","Person"
"360","994","Person","719","Person"
"361","455","Person","868","Person"
"362","562","Person","983","Person"
"363","993","Person","50","Person"
"364","353","Person","355","Person"
"365","87","Person","407","Person"
"366","411","Person","422","Person"
"367","169","Person","727","Person"
"368","66","Person","801","Person"
"369","500","Person","375","Person"
"370","242","Person","762","Person"
"371","684","Person","675","Person"
"372","926","Person","606","Person"
"373","183","Person","980","Person"
"374","325","Person","930","Person"
"375","528","Person","407","Person"
"376","420","Person","946","Person"
"377","270","Person","596","Person"
"378","885","Person","848","Person"
"379","398","Person","599","Person"
"380","760","Person","342","Person"
"381","732","Person","617","Person"
"382","601","Person","164","Person"
"383","923","Person","581","Person"
"384","146","Person","766","Person"
"385","990","Person","561","Person"
"386","376","Person","353","Person"
"387","805","Person","310","Person"
"388","525","Person","44","Person"
"389","527","Person","155","Person"
"390","583","Person","440","Person"
"391","764","Person","43","Person"
"392","710","Person","134","Person"
"393","718","Person","42","Person"
"394","204","Person","212","Person"
"395","77","Person","767","Person"
"396","466","Person","266","Person"
"397","857","Person","110","Person"
"398","161","Person","409","Person"
"399","905","Person","893","Person"
"400","692","Person","119","Person"
"401","725","Person","407","Person"
"402","943","Person","816","Person"
"403","598","Person","386","Person"
"404","17","Person","953","Person"
"405","359","Person","855","Person"
"406","99","Person","487","Person"
"407","365","Person","591","Person"
"408","47","Person","494","Person"
"409","412","Person","658","Person"
"410","632","Person","955","Person"
"411","184","Person","978","Person"
"412","970","Person","918","Person"
"413","319","Person","34","Person"
"414","581","Person","728","Person"
"415","639","Person","606","Person"
"416","279","Person","76","Person"
"417","675","Person","937","Person"
"418","830","Person","194","Person"
"419","51","Person","961","Person"
"420","561","Person","142","Person"
"421","781","Person","79","Person"
"422","768","Person","366","Person"
"423","279","Person","111","Person"
"424","71","Person","728","Person"
"425","317","Person","451","Person"
"426","523","Person","993","Person"
"427","644","Person","188","Person"
"428","795","Person","617","Person"
"429","271","Person","117","Person"
"430","212","Person","329","Person"
"431","653","Person","648","Person"
"432","508","Person","120","Person"
"433","771","Person","922","Person"
"434","625","Person","51","Person"
"435","587","Person","482","Person"
"436","672","Person","21","Person"
"437","694","Person","157","Person"
"438","246","Person","900","Person"
"439","495","Person","344","Person"
"440","192","Person","961","Person"
"441","905","Person","764","Person"
"442","382","Person","962","Person"
"443","364","Person","107","Person"
"444","998","Person","823","Person"
"445","353","Person","600","Person"
"446","701","Person","107","Person"
"447","265","Person","86","Person"
"448","898","Person","955","Person"
"449","370","Person","361","Person"
"450","364","Person","89","Person"
"451","590","Person","741","Person"
"452","838","Person","18","Person"
"453","62","Person","23","Person"
"454","554","Person","323","Person"
"455","912","Person","160","Person"
"456","840","Person","781","Person"
"457","277","Person","731","Person"
"458","380","Person","74","Person"
"459","129","Person","471","Person"
"460","810","Person","276","Person"
"461","828","Person","958","Person"
"462","852","Person","511","Person"
"463","509","Person","152","Person"
"464","552","Person","141","Person"
"465","772","Person","706","Person"
"466","208","Person","437","Person"
"467","228","Person","349","Person"
"468","376","Person","438","Person"
"469","265","Person","226","Person"
"470","517","Person","398","Person"
"471","709","Person","322","Person"
"472","805","Person","99","Person"
"473","454","Person","427","Person"
"474","958","Person","373","Person"
"475","320","Person","631","Person"
"476","861","Person","529","Person"
"477","709","Person","639","Person"
"478","126","Person","763","Person"
"479","906","Person","119","Person"
"480","166","Person","792","Person"
"481","360","Person","204","Person"
"482","343","Person","944","Person"
"483","896","Person","811","Person"
"484","427","Person","600","Person"
"485","7","Person","732","Person"
"486","670","Person","9","Person"
"487","891","Person","642","Person"
"488","416","Person","708","Person"
"489","64","Person","870","Person"
"490","387","Person","647","Person"
"491","491","Person","570","Person"
"492","707","Person","86","Person"
"493","790","Person","615","Person"
"494","276","Person","963","Person"
"495","698","Person","735","Person"
"496","189","Person","864","Person"
"497","840","Person","699","Person"
"498","638","Person","512","Person"
"499","922","Person","585","Person"
"500","731","Person","915","Person"
"501","40","Person","417","Person"
"502","392","Person","777","Person"
"503","675","Person","323","Person"
"504","493","Person","608","Person"
"505","427","Person","109","Person"
"506","29","Person","615","Person"
"507","111","Person","810","Person"
"508","881","Person","731","Person"
"509","7","Person","484","Person"
"510","639","Person","948","Person"
"511","485","Person","363","Person"
"512","109","Person","299","Person"
"513","635","Person","539","Person"
"514","527","Person","415","Person"
"515","342","Person","612","Person"
"516","445","Person","139","Person"
"517","18","Person","99","Person"
"518","504","Person","284","Person"
"519","527","Person","38","Person"
"520","66","Person","885","Person"
"521","73","Person","645","Person"
"522","183","Person","220","Person"
"523","548","Person","968","Person"
"524","515","Person","223","Person"
"525","40","Person","826","Person"
"526","232","Person","571","Person"
"527","273","Person","138","Person"
"528","904","Person","977","Person"
"529","531","Person","3","Person"
"530","780","Person","134","Person"
"531","164","Person","187","Person"
"532","160","Person","177","Person"
"533","617","Person","87","Person"
"534","384","Person","282","Person"
"535","843","Person","326","Person"
"536","228","Person","678","Person"
"537","172","Person","879","Person"
"538","670","Person","422","Person"
"539","726","Person","376","Person"
"540","420","Person","594","Person"
"541","841","Person","54","Person"
"542","54","Person","467","Person"
"543","973","Person","956","Person"
"544","239","Person","466","Person"
"545","176","Person","493","Person"
"546","590","Person","557","Person"
"547","882","Person","718","Person"
"548","693","Person","732","Person"
"549","151","Person","193","Person"
"550","54","Person","134","Person"
"551","631","Person","482","Person"
"552","681","Person","704","Person"
"553","284","Person","708","Person"
"554","224","Person","224","Person"
"555","392","Person","326","Person"
"556","981","Person","934","Person"
"557","793","Person","212","Person"
"558","552","Person","451","Person"
"559","960","Person","491","Person"
"560","498","Person","732","Person"
"561","430","Person","691","Person"
"562","704","Person","262","Person"
"563","905","Person","158","Person"
"564","633","Person","56","Person"
"565","832","Person","555","Person"
"566","118","Person","37","Person"
"567","537","Person","91","Person"
"568","596","Person","198","Person"
"569","707","Person","220","Person"
"570","861","Person","754","Person"
"571","735","Person","94","Person"
"572","281","Person","724","Person"
"573","298","Person","115","Person"
"574","469","Person","737","Person"
"575","34","Person","67","Person"
"576","509","Person","243","Person"
"577","518","Person","736","Person"
"578","235","Person","159","Person"
"579","759","Person","986","Person"
"580","733","Person","406","Person"
"581","436","Person","919","Person"
"582","360","Person","943","Person"
"583","731","Person","148","Person"
"584","634","Person","944","Person"
"585","892","Person","932","Person"
"586","702","Person","674","Person"
"587","131","Person","642","Person"
"588","782","Person","554","Person"
"589","385","Person","363","Person"
"590","699","Person","672","Person"
"591","254","Person","212","Person"
"592","340","Person","3","Person"
"593","432","Person","282","Person"
"594","989","Person","752","Person"
"595","269","Person","573","Person"
"596","458","Person","382","Person"
"597","318","Person","836","Person"
"598","937","Person","592","Person"
"599","197","Person","837","Person"
"600","538","Person","728","Person"
"601","394","Person","938","Person"
"602","735","Person","869","Person"
"603","223","Person","585","Person"
"604","41","Person","464","Person"
"605","804","Person","244","Person"
"606","639","Person","965","Person"
"607","219","Person","777","Person"
"608","813","Person","529","Person"
"609","193","Person","981","Person"
"610","173","Person","145","Person"
"611","459","Person","937","Person"
"612","349","Person","390","Person"
"613","171","Person","688","Person"
"614","915","Person","379","Person"
"615","743","Person","627","Person"
"616","495","Person","437","Person"
"617","333","Person","363","Person"
"618","264","Person","846","Person"
"619","207","Person","84","Person"
"620","395","Person","389","Person"
"621","176","Person","812","Person"
"622","633","Person","391","Person"
"623","93","Person","531","Person"
"624","612","Person","727","Person"
"625","55","Person","429","Person"
"626","240","Person","295","Person"
"627","210","Person","929","Person"
"628","894","Person","394","Person"
"629","486","Person","42","Person"
"630","944","Person","283","Person"
"631","935","Person","310","Person"
"632","33","Person","972","Person"
"633","365","Person","892","Person"
"634","614","Person","148","Person"
"635","666","Person","926","Person"
"636","683","Person","893","Person"
"637","878","Person","216","Person"
"638","317","Person","943","Person"
"639","56","Person","893","Person"
"640","419","Person","437","Person"
"641","539","Person","364","Person"
"642","696","Person","267","Person"
"643","712","Person","914","Person"
"644","569","Person","429","Person"
"645","781","Person","672","Person"
"646","449","Person","132","Person"
"647","207","Person","290","Person"
"648","535","Person","99","Person"
"649","337","Person","463","Person"
"650","430","Person","506","Person"
"651","582","Person","206","Person"
"652","149","Person","106","Person"
"653","170","Person","357","Person"
"654","834","Person","473","Person"
"655","366","Person","20","Person"
"656","728","Person","284","Person"
"657","362","Person","281","Person"
"658","50","Person","376","Person"
"659","824","Person","56","Person"
"660","696","Person","692","Person"
"661","170","Person","723","Person"
"662","485","Person","981","Person"
"663","455","Person","406","Person"
"664","184","Person","426","Person"
"665","964","Person","87","Person"
"666","994","Person","972","Person"
"667","923","Person","857","Person"
"668","600","Person","660","Person"
"669","342","Person","616","Person"
"670","882","Person","586","Person"
"671","621","Person","268","Person"
"672","104","Person","502","Person"
"673","845","Person","309","Person"
"674","884","Person","401","Person"
"675","469","Person","64","Person"
"676","651","Person","191","Person"
"677","42","Person","421","Person"
"678","131","Person","204","Person"
"679","312","Person","848","Person"
"680","118","Person","524","Person"
"681","759","Person","293","Person"
"682","689","Person","899","Person"
"683","731","Person","4","Person"
"684","171","Person","376","Person"
"685","71","Person","307","Person"
"686","269","Person","130","Person"
"687","125","Person","252","Person"
"688","427","Person","435","Person"
"689","501","Person","902","Person"
"690","89","Person","291","Person"
"691","385","Person","457","Person"
"692","207","Person","551","Person"
"693","481","Person","674","Person"
"694","794","Person","67","Person"
"695","799","Person","714","Person"
"696","113","Person","303","Person"
"697","875","Person","434","Person"
"698","660","Person","585","Person"
"699","884","Person","746","Person"
"700","166","Person","309","Person"
"701","439","Person","115","Person"
"702","723","Person","994","Person"
"703","450","Person","222","Person"
"704","138","Person","633","Person"
"705","729","Person","623","Person"
"706","811","Person","664","Person"
"707","695","Person","907","Person"
"708","887","Person","62","Person"
"709","258","Person","154","Person"
"710","560","Person","567","Person"
"711","543","Person","777","Person"
"712","66","Person","570","Person"
"713","570","Person","318","Person"
"714","474","Person","546","Person"
"715","627","Person","955","Person"
"716","837","Person","134","Person"
"717","193","Person","237","Person"
"718","247","Person","262","Person"
"719","792","Person","191","Person"
"720","427","Person","773","Person"
"721","635","Person","93","Person"
"722","919","Person","105","Person"
"723","960","Person","692","Person"
"724","289","Person","65","Person"
"725","928","Person","311","Person"
"726","600","Person","703","Person"
"727","176","Person","46","Person"
"728","273","Person","215","Person"
"729","155","Person","17","Person"
"730","697","Person","900","Person"
"731","162","Person","930","Person"
"732","591","Person","848","Person"
"733","625","Person","496","Person"
"734","292","Person","81","Person"
"735","517","Person","518","Person"
"736","489","Person","472","Person"
"737","245","Person","818","Person"
"738","852","Person","8","Person"
"739","870","Person","154","Person"
"740","403","Person","503","Person"
"741","262","Person","536","Person"
"742","611","Person","241","Person"
"743","130","Person","689","Person"
"744","440","Person","885","Person"
"745","996","Person","143","Person"
"746","122","Person","39","Person"
"747","420","Person","250","Person"
"748","177","Person","266","Person"
"749","649","Person","632","Person"
"750","376","Person","875","Person"
"751","485","Person","725","Person"
"752","604","Person","999","Person"
"753","218","Person","984","Person"
"754","504","Person","66","Person"
"755","917","Person","709","Person"
"756","249","Person","498","Person"
"757","272","Person","684","Person"
"758","375","Person","746","Person"
"759","108","Person","6","Person"
"760","917","Person","288","Person"
"761","143","Person","503","Person"
"762","672","Person","797","Person"
"763","364","Person","76","Person"
"764","344","Person","211","Person"
"765","689","Person","155","Person"
"766","494","Person","494","Person"
"767","654","Person","126","Person"
"768","727","Person","454","Person"
"769","42","Person","124","Person"
"770","864","Person","655","Person"
"771","183","Person","487","Person"
"772","897","Person","229","Person"
"773","148","Person","488","Person"
"774","412","Person","832","Person"
"775","156","Person","854","Person"
"776","243","Person","640","Person"
"777","973","Person","11","Person"
"778","463","Person","861","Person"
"779","254","Person","246","Person"
"780","569","Person","199","Person"
"781","314","Person","36","Person"
"782","677","Person","468","Person"
"783","719","Person","33","Person"
"784","544","Person","33","Person"
"785","358","Person","985","Person"
"786","43","Person","35","Person"
"787","325","Person","146","Person"
"788","813","Person","253","Person"
"789","54","Person","671","Person"
"790","132","Person","183","Person"
"791","628","Person","732","Person"
"792","690","Person","273","Person"
"793","207","Person","3","Person"
"794","251","Person","673","Person"
"795","527","Person","836","Person"
"796","995","Person","398","Person"
"797","140","Person","621","Person"
"798","119","Person","663","Person"
"799","198","Person","338","Person"
"800","882","Person","778","Person"
"801","59","Person","489","Person"
"802","616","Person","524","Person"
"803","292","Person","559","Person"
"804","639","Person","744","Person"
"805","456","Person","864","Person"
"806","384","Person","387","Person"
"807","265","Person","462","Person"
"808","749","Person","964","Person"
"809","147","Person","467","Person"
"810","827","Person","42","Person"
"811","313","Person","902","Person"
"812","49","Person","60","Person"
"813","439","Person","332","Person"
"814","21","Person","140","Person"
"815","568","Person","112","Person"
"816","567","Person","815","Person"
"817","59","Person","479","Person"
"818","619","Person","786","Person"
"819","1","Person","3","Person"
"820","984","Person","137","Person"
"821","886","Person","874","Person"
"822","64","Person","828","Person"
"823","1000","Person","242","Person"
"824","53","Person","656","Person"
"825","459","Person","263","Person"
"826","885","Person","328","Person"
"827","957","Person","253","Person"
"828","76","Person","383","Person"
"829","947","Person","19","Person"
"830","291","Person","737","Person"
"831","505","Person","209","Person"
"832","484","Person","606","Person"
"833","208","Person","6","Person"
"834","437","Person","84","Person"
"835","132","Person","688","Person"
"836","996","Person","86","Person"
"837","104","Person","485","Person"
"838","670","Person","191","Person"
"839","425","Person","299","Person"
"840","159","Person","470","Person"
"841","43","Person","126","Person"
"842","210","Person","720","Person"
"843","659","Person","70","Person"
"844","84","Person","340","Person"
"845","311","Person","828","Person"
"846","989","Person","842","Person"
"847","975","Person","863","Person"
"848","417","Person","339","Person"
"849","158","Person","343","Person"
"850","80","Person","1","Person"
"851","393","Person","539","Person"
"852","168","Person","49","Person"
"853","813","Person","68","Person"
"854","856","Person","804","Person"
"855","48","Person","413","Person"
"856","38","Person","263","Person"
"857","40","Person","593","Person"
"858","228","Person","69","Person"
"859","837","Person","563","Person"
"860","915","Person","36","Person"
"861","697","Person","763","Person"
"862","981","Person","706","Person"
"863","105","Person","311","Person"
"864","568","Person","823","Person"
"865","470","Person","58","Person"
"866","658","Person","583","Person"
"867","664","Person","925","Person"
"868","466","Person","935","Person"
"869","972","Person","237","Person"
"870","858","Person","47","Person"
"871","164","Person","389","Person"
"872","995","Person","440","Person"
"873","500","Person","732","Person"
"874","576","Person","531","Person"
"875","112","Person","177","Person"
"876","17","Person","746","Person"
"877","825","Person","650","Person"
"878","630","Person","388","Person"
"879","474","Person","698","Person"
"880","954","Person","893","Person"
"881","112","Person","917","Person"
"882","999","Person","258","Person"
"883","517","Person","158","Person"
"884","387","Person","929","Person"
"885","862","Person","327","Person"
"886","218","Person","708","Person"
"887","578","Person","758","Person"
"888","112","Person","854","Person"
"889","699","Person","609","Person"
"890","852","Person","18","Person"
"891","614","Person","512","Person"
"892","23","Person","808","Person"
"893","960","Person","819","Person"
"894","122","Person","893","Person"
"895","12","Person","854","Person"
"896","330","Person","97","Person"
"897","490","Person","123","Person"
"898","875","Person","692","Person"
"899","41","Person","251","Person"
"900","403","Person","179","Person"
"901","270","Person","972","Person"
"902","809","Person","874","Person"
"903","952","Person","441","Person"
"904","360","Person","523","Person"
"905","94","Person","598","Person"
"906","622","Person","958","Person"
"907","946","Person","359","Person"
"908","223","Person","855","Person"
"909","637","Person","374","Person"
"910","92","Person","360","Person"
"911","788","Person","311","Person"
"912","32","Person","818","Person"
"913","617","Person","338","Person"
"914","344","Person","471","Person"
"915","656","Person","505","Person"
"916","251","Person","675","Person"
"917","153","Person","201","Person"
"918","10","Person","618","Person"
"919","491","Person","399","Person"
"920","839","Person","715","Person"
"921","64","Person","957","Person"
"922","90","Person","419","Person"
"923","275","Person","670","Person"
"924","558","Person","135","Person"
"925","769","Person","210","Person"
"926","399","Person","492","Person"
"927","317","Person","832","Person"
"928","235","Person","228","Person"
"929","225","Person","525","Person"
"930","554","Person","936","Person"
"931","107","Person","982","Person"
"932","694","Person","752","Person"
"933","919","Person","11","Person"
"934","480","Person","988","Person"
"935","34","Person","378","Person"
"936","216","Person","95","Person"
"937","757","Person","29","Person"
"938","273","Person","772","Person"
"939","236","Person","951","Person"
"940","462","Person","357","Person"
"941","991","Person","620","Person"
"942","154","Person","495","Person"
"943","835","Person","474","Person"
"944","798","Person","613","Person"
"945","425","Person","127","Person"
"946","540","Person","290","Person"
"947","108","Person","921","Person"
"948","347","Person","939","Person"
"949","667","Person","895","Person"
"950","491","Person","274","Person"
"951","361","Person","396","Person"
"952","574","Person","77","Person"
"953","38","Person","570","Person"
"954","465","Person","854","Person"
"955","918","Person","329","Person"
"956","175","Person","4","Person"
"957","757","Person","498","Person"
"958","885","Person","828","Person"
"959","573","Person","371","Person"
"960","125","Person","613","Person"
"961","234","Person","8","Person"
"962","478","Person","68","Person"
"963","849","Person","219","Person"
"964","188","Person","551","Person"
"965","926","Person","83","Person"
"966","587","Person","272","Person"
"967","385","Person","912","Person"
"968","833","Person","427","Person"
"969","731","Person","473","Person"
"970","908","Person","424","Person"
"971","194","Person","22","Person"
"972","880","Person","488","Person"
"973","773","Person","801","Person"
"974","498","Person","659","Person"
"975","799","Person","915","Person"
"976","484","Person","406","Person"
"977","384","Person","351","Person"
"978","485","Person","926","Person"
"979","244","Person","77","Person"
"980","376","Person","564","Person"
"981","738","Person","862","Person"
"982","876","Person","494","Person"
"983","896","Person","486","Person"
"984","591","Person","30","Person"
"985","928","Person","122","Person"
"986","813","Person","561","Person"
"987","44","Person","773","Person"
"988","688","Person","464","Person"
"989","273","Person","740","Person"
"990","992","Person","113","Person"
"991","78","Person","317","Person"
"992","378","Person","757","Person"
"993","527","Person","35","Person"
"994","212","Person","357","Person"
"995","536","Person","215","Person"
"996","737","Person","818","Person"
"997","145","Person","206","Person"
"998","105","Person","723","Person"
"999","131","Person","660","Person"
"1000","813","Person","963","Person"