"id","Name"
"1","Donna Smith"
"2","Kristin Villanueva"
"3","Margaret Jackson"
"4","Emily Morrison"
"5","Corey Johnson"
"6","Christine James"
"7","George Elliott"
"8","Derrick Scott"
"9","Gregory Wilson"
"10","Adam Miller"
"11","Richard Romero"
"12","Johnathan Garrett"
"13","Tony Fisher"
"14","Mary Medina"
"15","Julie Bonilla"
"16","Jessica Hogan"
"17","Steven Golden"
"18","Tiffany Black"
"19","Gregory Thomas"
"20","Richard Todd"
"21","Sabrina Ibarra"
"22","Michael Rangel"
"23","Kirk Parker"
"24","Taylor Edwards"
"25","Miranda Stone"
"26","Lauren Riley"
"27","Amanda Patton"
"28","Crystal Vaughan"
"29","Margaret Thomas"
"30","Timothy Cole"
"31","Deanna Fleming"
"32","Elizabeth Allen"
"33","Anthony Herring"
"34","Laura Elliott"
"35","Jason Perez"
"36","Michael Hart"
"37","Kendra Guzman"
"38","Gina Golden"
"39","Gabriela Bishop"
"40","Steven Galloway"
"41","Joshua Gibson"
"42","John Gardner"
"43","Michael Garcia"
"44","Jordan Liu"
"45","Tamara Guerrero"
"46","Brian Rodriguez"
"47","Curtis Anderson"
"48","Janet Bush"
"49","Travis Stewart"
"50","Miranda Hunter"
"51","Joseph Boyd"
"52","Rachel Roberts"
"53","Luis Noble"
"54","Benjamin Brewer"
"55","Joshua Howell"
"56","Brandon Jones"
"57","Sean Rojas"
"58","Danielle White"
"59","Bradley Wilson"
"60","John Shah"
"61","Michael Kelly"
"62","Matthew Gibson"
"63","Roger Williams Jr."
"64","Jose Wallace"
"65","Chase Barrera"
"66","Evan Larson"
"67","Jonathan Guerrero"
"68","Michael Harvey"
"69","Andrew Young"
"70","John Farmer"
"71","Dr. Adrienne Jackson"
"72","Brenda May"
"73","Donna Stephenson"
"74","Mary Williams"
"75","Ashley Jordan"
"76","Mark Stone"
"77","Sarah Powell"
"78","Rachel Andersen"
"79","Kari Hudson"
"80","Hannah Rodriguez"
"81","Vincent King"
"82","Jessica Ball"
"83","Debra Cline"
"84","Angela Ferrell"
"85","Melanie Levine"
"86","Michelle Hoover"
"87","Maria Figueroa"
"88","Nicole Smith"
"89","Jerry Martinez"
"90","Michelle Anderson"
"91","Ashley Martin"
"92","Bonnie Bailey"
"93","Kathleen Miranda"
"94","Brenda Pierce"
"95","Kim Kennedy"
"96","Christopher Bell"
"97","Tanya Alexander"
"98","Dominic Ferguson"
"99","Chad Meyer"
"100","Yolanda Stewart"
"101","Ronald Bruce"
"102","Allison Thompson"
"103","Mr. Brian Wilson"
"104","David Booth"
"105","Luis Russell"
"106","Anthony Moody"
"107","Carolyn Wright"
"108","Dylan Johnson"
"109","David Martinez"
"110","Jessica Eaton"
"111","Linda Roach"
"112","Cathy Williams"
"113","Michael Mcclain"
"114","Lisa Morales"
"115","Andrea Summers"
"116","Sherry Harvey"
"117","Kelly Young"
"118","Christian Mack"
"119","Dawn Hernandez"
"120","Rachel Foster"
"121","Kara Holland"
"122","Tyler Douglas"
"123","Angela Barnett"
"124","Christopher Winters"
"125","Damon Rangel"
"126","Brandon Anderson"
"127","Patricia Gilbert"
"128","Jay Estrada"
"129","Lisa Gardner"
"130","Virginia Glover"
"131","Mr. Allen Taylor"
"132","Patricia Smith"
"133","Ryan Warner"
"134","Jackie Garcia"
"135","Kurt Farrell"
"136","Keith Lopez"
"137","Alison Martin"
"138","Teresa Chavez"
"139","Madison Alexander"
"140","Christopher Bryan"
"141","Lisa Harris"
"142","Christina Moreno"
"143","Dr. Joe Torres"
"144","Wendy Morris"
"145","Daniel Rodriguez"
"146","Alyssa Rivera"
"147","Krista Parks"
"148","Jason Jackson"
"149","Robert Long"
"150","Brenda Werner"
"151","Diane Drake"
"152","Adrienne Sweeney"
"153","John Griffin"
"154","Thomas George"
"155","Heather Rogers"
"156","Sheila Davis"
"157","Mark Pope"
"158","Larry Walker"
"159","Kevin Barker"
"160","Mary Carter"
"161","William Sanders"
"162","Douglas Webb"
"163","Paige Parsons"
"164","Andres Patel"
"165","Angela Lopez"
"166","Calvin Day"
"167","Brandi Black"
"168","Charles Walker"
"169","Jesse Perez"
"170","John Melendez"
"171","Michael Roth"
"172","Ms. Rachael Green"
"173","Meredith Casey"
"174","Misty Singleton"
"175","Jeffrey Hartman"
"176","Allen Kirby"
"177","Lori Smith"
"178","Abigail Nolan DDS"
"179","Taylor Bell"
"180","Colleen Smith"
"181","Patrick Carey"
"182","Kaitlyn Williams"
"183","Michael Benitez"
"184","Mr. Randall Cherry"
"185","Andrew Odonnell"
"186","Kimberly Moore"
"187","Mr. Charles Williams"
"188","William Roberts"
"189","Kelly Brooks"
"190","Robert Schwartz"
"191","Ms. Alexandra Ross DDS"
"192","Tracy Adams"
"193","Julie Hall"
"194","Matthew James"
"195","Amy Curry"
"196","William Moon"
"197","Taylor Peters"
"198","Dr. Andrew Harris MD"
"199","Caleb Cunningham"
"200","Diane Holmes"
"201","Kimberly Myers"
"202","Jonathan Gomez"
"203","Brianna Erickson"
"204","Mark Wilson"
"205","Dr. Katrina Bradford"
"206","Brian Chapman"
"207","Mary Frey"
"208","Gregory Brown"
"209","Anne Friedman"
"210","Elizabeth Rodriguez"
"211","Michael Jackson"
"212","Jennifer Rodriguez"
"213","Bryan Chavez"
"214","Jason Hicks"
"215","Theresa Rosales"
"216","Laura Dominguez"
"217","William Harper"
"218","John Carter"
"219","Chad Burns"
"220","Eric Henry"
"221","Thomas Lee"
"222","Lisa Burke"
"223","Randy Mclean"
"224","Nina Price"
"225","Patrick Thomas"
"226","Timothy Olson"
"227","Nicholas Roberts"
"228","Keith Fields"
"229","Beth Durham"
"230","Mary Long"
"231","Kristin Gray"
"232","Dawn Watson"
"233","John Gillespie"
"234","Valerie Turner"
"235","Paul Norton"
"236","Nathaniel Faulkner"
"237","Andrea Miller"
"238","Eric Adams"
"239","Victoria Reese"
"240","Chad Rodriguez"
"241","Steven Donovan III"
"242","Mikayla Williams"
"243","Kenneth Kerr"
"244","Virginia Church"
"245","Lauren Hogan"
"246","Samantha Guerrero"
"247","Sarah Lee"
"248","Katie Bishop"
"249","Nicole Pierce"
"250","Heather Warren"
"251","Karen Brown"
"252","Jacqueline White"
"253","Tonya Ortega"
"254","Danielle Williams"
"255","Suzanne Murray"
"256","Kaitlin Ashley"
"257","Nicholas Terry"
"258","Casey Castro"
"259","Scott Martin"
"260","Michelle Wright"
"261","Dennis Miller"
"262","Anne Andrade"
"263","Tammy Sellers"
"264","Michelle Harrington"
"265","Jessica Briggs"
"266","Kenneth Jacobson"
"267","Connie Richards"
"268","Tracy Whitney"
"269","Scott Thomas"
"270","Kristina Mccormick"
"271","Kelly Snyder"
"272","David Gomez"
"273","Lawrence Turner"
"274","Beth Herrera"
"275","Reginald Wood"
"276","Gary Koch"
"277","Jack Rowland"
"278","Elizabeth Horn"
"279","Gabriela Henderson"
"280","Daniel Price"
"281","Jeffery Frank"
"282","Taylor Mclaughlin"
"283","Mrs. Chelsea Mathews"
"284","Tanya Dixon"
"285","Karen Cain"
"286","Elizabeth Adams"
"287","Meghan Pollard"
"288","Kyle Lewis"
"289","Zachary Vega"
"290","Jennifer Robertson"
"291","Alexandra Vance"
"292","Chase Butler"
"293","Jennifer Harper"
"294","Nicole Davenport"
"295","Matthew Chung"
"296","Mary Dixon"
"297","Whitney Mendoza"
"298","George Bryant"
"299","Troy Conway"
"300","Jeffery Coleman"
"301","Robert Livingston"
"302","Ronald Wilson"
"303","Emily Byrd"
"304","Monica Love"
"305","Mark Cherry MD"
"306","Brian Lynch"
"307","Julie Bowen"
"308","Gregory Brown"
"309","Angel Wu"
"310","Monica Gray"
"311","Abigail Hubbard"
"312","Tyrone Garcia"
"313","Christine Lee"
"314","Frank Mendoza"
"315","Jessica Mclean"
"316","Michael Holland"
"317","Audrey Carney"
"318","Jasmine Brady"
"319","Michele Mason"
"320","Michelle Miller"
"321","Arthur Armstrong"
"322","Robert Kelley"
"323","Heather Estrada"
"324","Julian Lamb DVM"
"325","Beth Brock"
"326","Anthony Smith"
"327","Shawn Gray"
"328","Sherry Robinson"
"329","Kimberly Brown"
"330","Sandra Thomas"
"331","Natalie Gutierrez"
"332","Whitney White"
"333","Regina Miller DDS"
"334","Christina Martinez"
"335","Nicole Zuniga"
"336","Stephanie Lewis"
"337","Emily Daniels"
"338","Amy Fox"
"339","Elizabeth Williams"
"340","William Campbell"
"341","Linda Wright"
"342","Colleen Olson"
"343","Kenneth Parker"
"344","Bradley Ward"
"345","Megan Hernandez"
"346","Melissa Ortiz"
"347","Shawn Barnes"
"348","Diana Collins"
"349","Travis Marshall"
"350","Ashley Mann"
"351","Robert Jones"
"352","Tonya Smith"
"353","Timothy Smith"
"354","Sierra Johnson"
"355","Thomas Miles"
"356","Christopher Lee"
"357","Jennifer Robbins"
"358","Cynthia Richardson"
"359","Keith Tyler"
"360","Annette Campbell"
"361","Scott Carpenter"
"362","Kimberly Montgomery"
"363","Karen Orr"
"364","Judy Blackburn"
"365","Patricia Wade"
"366","Jose Robbins"
"367","Kyle Yates"
"368","Jeremy Brennan"
"369","Derrick Rivera"
"370","Amanda Bailey"
"371","Madison Sloan"
"372","Vincent Jones"
"373","Mitchell Burke"
"374","Eric King"
"375","Roberta Miller"
"376","Maria Jefferson"
"377","Jerry Powell"
"378","Megan Long"
"379","Whitney Williams"
"380","Scott Clements"
"381","Brian Cook"
"382","Teresa Mitchell"
"383","Alicia Hendricks"
"384","James Young"
"385","Jessica Morrison"
"386","Ashlee Davis"
"387","Brad Burton"
"388","Andrea Patrick"
"389","Patrick Hull"
"390","James Henson"
"391","Edward Martinez"
"392","Dean Owens"
"393","Megan Davis"
"394","Richard Williams"
"395","Natalie Jordan"
"396","James Robles"
"397","William Bowen"
"398","Sandra Lowery"
"399","Eric Davis"
"400","Brett Morgan"
"401","Briana Perez"
"402","Lisa Murillo"
"403","Nicolas Le"
"404","Melanie Russell"
"405","Natasha King"
"406","Cynthia Ramsey"
"407","Wyatt Potts"
"408","Mark Owens"
"409","Katelyn Dixon"
"410","Michele Scott"
"411","Jose Mayo"
"412","Francisco Carney"
"413","George Small"
"414","Katie Mathews"
"415","Jose Ramirez"
"416","Paula Roberts"
"417","Sandra Rodriguez"
"418","Sarah Campbell"
"419","Daniel Tucker"
"420","Zachary Mendez"
"421","Chelsea Martin"
"422","Martin Wilson"
"423","Joseph Gonzalez"
"424","Aaron Potts"
"425","Sarah Blair"
"426","Jack Bowman"
"427","Joseph Williams"
"428","Vanessa Calhoun"
"429","Jessica Lopez"
"430","Jennifer Nguyen"
"431","Monique Romero"
"432","Tyler Rodriguez"
"433","Michelle Campbell"
"434","Robert Ross"
"435","Joel Hogan"
"436","Tasha Bailey"
"437","Joseph Johnson"
"438","Madison Ramirez"
"439","Taylor Guerrero"
"440","Jasmine Moore"
"441","James Palmer"
"442","Heather Jacobs"
"443","Drew Reilly"
"444","Dalton Brennan"
"445","Patrick Jackson"
"446","Cynthia Bradley"
"447","Heather Owen MD"
"448","Jacob Deleon"
"449","Kimberly Carpenter"
"450","Jamie Peterson"
"451","Christine Lynn"
"452","Stephen Lin"
"453","Billy Anderson"
"454","Keith Gonzales"
"455","Tamara Fletcher"
"456","Lisa Williams"
"457","Michael Clarke"
"458","Joseph Gray"
"459","Austin Wallace"
"460","Kerry Lopez"
"461","Jonathan Vasquez"
"462","Mr. Terry Decker MD"
"463","John Mcmillan"
"464","Andrea Jones"
"465","Bryan Curtis MD"
"466","Henry Greene"
"467","Jessica Schmidt"
"468","Kathy Black"
"469","Andrew Butler"
"470","Shelly Holmes"
"471","Richard Moore"
"472","David Kent"
"473","Madison Burns"
"474","Donna Woodard"
"475","Stephen Jackson"
"476","Corey Myers"
"477","Joseph Brown"
"478","Frederick Murray"
"479","Morgan Little"
"480","Ruth Deleon"
"481","Brent Richardson"
"482","James Moreno"
"483","Mr. Scott Friedman"
"484","Nicole Cameron"
"485","Jennifer Carter"
"486","Derrick Hill"
"487","Christopher Rivera"
"488","Jeffery Acevedo"
"489","Jose Martinez"
"490","Jennifer Phillips"
"491","Christopher Doyle"
"492","Denise Blankenship"
"493","Nicole Yang"
"494","Cindy Smith"
"495","Daniel Warner"
"496","Joshua Ritter"
"497","Angela Quinn"
"498","Cynthia Rice MD"
"499","Brian Bishop"
"500","Ian Potter"
"501","Jennifer Oliver MD"
"502","Valerie Carter"
"503","Mary Mclaughlin"
"504","David Hall"
"505","Marc Walker"
"506","Natalie Richardson"
"507","Jeremy Carter"
"508","Daniel Mahoney"
"509","Laura May"
"510","Gloria Riley"
"511","Gabriella Reed"
"512","Joy Atkinson"
"513","Mr. Marvin Howard"
"514","Tony Walker"
"515","Judy Young"
"516","Thomas Sanchez"
"517","Jacob Reid"
"518","Erica Estrada"
"519","Keith Smith"
"520","Dana Hayes"
"521","John Reyes"
"522","Kristen Johnson"
"523","Jose Tyler"
"524","Brad Reyes"
"525","Natalie Lynch"
"526","Lori Gill"
"527","Jorge Jones"
"528","Christopher Lopez"
"529","Karen James"
"530","Angela Park"
"531","Abigail Bowman"
"532","Michael Lewis"
"533","Andrew Long"
"534","Sharon Payne"
"535","Kirk Silva"
"536","Theresa Dominguez"
"537","James Sutton"
"538","Amy Stone"
"539","James Harris"
"540","Jeffrey Stephens"
"541","Brittany Walters"
"542","Michael Fernandez"
"543","Charles Rogers"
"544","Raymond Chung"
"545","Jeffrey Smith"
"546","Pedro Mitchell"
"547","Renee Leblanc"
"548","Matthew Heath"
"549","Mary Khan"
"550","Ryan Strong"
"551","Margaret Rojas"
"552","Zachary Charles"
"553","Amy Holt"
"554","Jeffrey Berry"
"555","Jillian Morrison"
"556","Rebecca Hart"
"557","Reginald Ball"
"558","Melissa Burton"
"559","Savannah Mitchell"
"560","Elizabeth Clements"
"561","Edward Murphy"
"562","John Craig"
"563","Jasmine Esparza"
"564","Michelle Herring"
"565","John Young"
"566","Eileen Oneal"
"567","Richard Campbell"
"568","Andrea Rhodes"
"569","Jessica Logan"
"570","Joseph Reynolds"
"571","Christopher Nguyen"
"572","Erin Matthews"
"573","Isaiah Watts"
"574","Sarah Smith"
"575","Veronica Gomez"
"576","Kathleen Ashley"
"577","Andrew Arnold"
"578","Michelle Salazar"
"579","Elizabeth Hubbard"
"580","Yvonne Gill"
"581","Kevin Johnson"
"582","Denise Wells"
"583","Andres Pena"
"584","Rodney Vaughn"
"585","Emily Carey"
"586","Dorothy Kim"
"587","Dana Williams"
"588","Valerie Hernandez"
"589","Jacqueline Underwood"
"590","Wendy Williams"
"591","Ricardo Blake"
"592","Carolyn Moore"
"593","Kyle Ward"
"594","James Chapman"
"595","Jennifer Bryant"
"596","Craig Wallace"
"597","Christopher Frazier PhD"
"598","Jackson Luna"
"599","Erika Hunt"
"600","William Gillespie"
"601","Tiffany Flores"
"602","Cassie Mcguire"
"603","Jennifer Goodman"
"604","Angela Lyons"
"605","Dana Buchanan"
"606","Jennifer Jackson"
"607","Dr. Susan Pham"
"608","Natasha King"
"609","Lisa Salas"
"610","Gloria Hernandez"
"611","Karen Mullen"
"612","Cheryl Scott"
"613","Daniel West"
"614","Zachary Choi"
"615","Michael Flores"
"616","Michelle Gibson"
"617","Timothy Trujillo"
"618","Jose Curtis"
"619","Timothy Thomas"
"620","Patricia Mack"
"621","Lauren Brown"
"622","Jennifer Eaton"
"623","Zachary Rojas"
"624","Summer Anderson"
"625","Wendy Guerrero"
"626","Andrea Miller"
"627","Edward Carter"
"628","Samantha Miles"
"629","Sean Santiago"
"630","Joseph Reyes"
"631","Zachary Aguirre"
"632","Amy Barron"
"633","Corey Warren"
"634","Calvin Collier"
"635","Debra Perez"
"636","Alexander Hart"
"637","Christian Meyer"
"638","Teresa Blanchard"
"639","Rachel Johnson"
"640","Mr. Joseph Williams Jr."
"641","Beverly Kelly"
"642","Jennifer Harrison"
"643","Phillip Romero"
"644","Gary Garcia"
"645","Andrew Lawson"
"646","Jeffrey Oliver"
"647","Danny Payne"
"648","Jacob Walton"
"649","Nancy Norton"
"650","Anthony Ortiz"
"651","Jason Schmidt"
"652","Daniel Jacobs"
"653","Rebecca Webb"
"654","Travis Simon"
"655","Barbara Martin"
"656","Matthew Ramirez"
"657","Jonathan Robertson"
"658","Danielle Bradley"
"659","Tara Richard"
"660","Adam Madden"
"661","Joan Wilson"
"662","Mia Cantu"
"663","George Jones"
"664","Oscar Williams"
"665","Johnny Brooks"
"666","Amanda Goodman"
"667","Jeff Jordan"
"668","Dr. Steven Christensen"
"669","Christopher Walsh"
"670","Ashley Hill"
"671","Ryan Moreno"
"672","Michelle Meyer"
"673","Todd Hoover"
"674","Charles Wheeler"
"675","Dr. Leslie Mason"
"676","Kyle Mccarty"
"677","Christopher Le"
"678","Zachary Lee"
"679","Joseph Rivera"
"680","Paul Mitchell"
"681","Sean Cruz"
"682","Patty Walton"
"683","Jacqueline Shaffer"
"684","Colleen Burns"
"685","Sandra Erickson"
"686","Cheryl Gardner"
"687","Logan Smith"
"688","Kevin Morrison"
"689","Ralph Saunders"
"690","Mrs. Amy Harvey MD"
"691","Larry Watkins"
"692","Karen Wade"
"693","Michelle Foster"
"694","Nathan Miller"
"695","Michael Crane"
"696","Casey Brown"
"697","Zachary Blankenship"
"698","Christine Holmes"
"699","Devin Butler"
"700","Jennifer Suarez"
"701","Austin Pierce"
"702","Michelle Raymond"
"703","Kyle Silva"
"704","Ricky Rice"
"705","Bryan Hardin"
"706","Lisa Wilson"
"707","Carla Pham"
"708","Andrew Coleman"
"709","John Carpenter"
"710","Alex Andrews"
"711","Mercedes Garcia"
"712","Jennifer Morgan"
"713","Trevor Young"
"714","Amanda Mason"
"715","Jose Johnson"
"716","Paul Higgins"
"717","Anthony Bush Jr."
"718","David Cole"
"719","Mark Cox PhD"
"720","Kimberly Delacruz"
"721","Richard Hull"
"722","David Ramos"
"723","Douglas Lopez"
"724","Christopher Wolf"
"725","Michael Cordova"
"726","Travis Johnson"
"727","Alison Bruce"
"728","Lucas Ewing"
"729","Veronica Jackson"
"730","Jamie Miller"
"731","Margaret Collins"
"732","Brandon Santos"
"733","David Morris"
"734","Danny Caldwell"
"735","Dwayne Gibbs"
"736","Mr. Andrew Phillips"
"737","Andrew Henry"
"738","Kevin Morgan"
"739","Roger Rogers"
"740","Angela Serrano"
"741","Michael Smith"
"742","George Harris"
"743","Kimberly Cummings"
"744","Allison Martin"
"745","James Garcia"
"746","Trevor Gibson"
"747","Joshua Diaz"
"748","Antonio Perry"
"749","James Fletcher"
"750","Monica Quinn"
"751","Joseph Gutierrez"
"752","Luis Murillo"
"753","Donald Dawson"
"754","Micheal Evans"
"755","Matthew Chavez"
"756","Nicholas Brady"
"757","Brian Gonzalez"
"758","Carrie Davis"
"759","Kevin Walsh"
"760","David Delacruz"
"761","Christina Douglas"
"762","Darius Ford"
"763","Gregory Foster"
"764","Mrs. Nancy Wheeler"
"765","Michele Jackson"
"766","Andrea Stark"
"767","Perry Stephens"
"768","Angel Harris"
"769","Daniel Gonzalez"
"770","Erin Shaffer"
"771","Chris Cooke"
"772","Christopher Sanchez PhD"
"773","Karen Blair"
"774","Jeremy Gonzalez"
"775","Maria Williams DDS"
"776","Larry Rowe"
"777","Paul Kelly"
"778","Joshua Jackson"
"779","Sarah Petersen"
"780","Amber Hawkins"
"781","Matthew Young"
"782","Jennifer Vasquez"
"783","Olivia Colon"
"784","Amy Jones"
"785","Julie Grant"
"786","Alejandro Mcpherson"
"787","Janet Murphy"
"788","Laura Buck"
"789","Alexis Green"
"790","Mario Kane"
"791","Alex Miller"
"792","Alexis Adams"
"793","Kelly Hinton"
"794","William Chaney"
"795","Arthur White"
"796","Michael White"
"797","Jack Cole"
"798","Alice Reyes"
"799","Kevin Bailey"
"800","Malik Weaver"
"801","Scott Mullins"
"802","Gary Freeman"
"803","Olivia Hernandez"
"804","Tracy Odom"
"805","Tammy Hubbard"
"806","John Miller"
"807","Michele Mckinney"
"808","Abigail Delgado"
"809","Scott Oliver"
"810","Cynthia Thompson"
"811","Curtis Hernandez"
"812","Jillian Ross"
"813","Heather Cook"
"814","James Gonzalez"
"815","John Kline PhD"
"816","Elizabeth Simpson"
"817","Warren Padilla"
"818","Jessica Adams"
"819","Laurie Brown"
"820","Theresa Maldonado"
"821","Juan Noble"
"822","Rachel Lopez"
"823","Mario Gray"
"824","Robert Rasmussen"
"825","Morgan Sullivan"
"826","Dylan Stewart"
"827","Denise Roach"
"828","Alexander Jackson"
"829","Deborah Sellers"
"830","Leah Cox"
"831","James Mullen"
"832","Nicholas Patton"
"833","Sarah Jackson"
"834","Renee Jones"
"835","Robert King"
"836","Daniel Martinez"
"837","Nicholas Daniels"
"838","Jennifer Lewis"
"839","Rebecca Phillips"
"840","Brandon Santana"
"841","Katherine Rose"
"842","Sara Wright"
"843","Megan Brooks"
"844","Natalie Anderson"
"845","Linda Hunt"
"846","Kevin Hoover"
"847","Maria Clay"
"848","Melody Aguilar"
"849","Mr. Cody Smith"
"850","Jesus Boyd"
"851","Christopher Romero"
"852","Cindy Clark"
"853","Kayla Fritz"
"854","Patty Wood"
"855","Andrew Spencer"
"856","April Gonzalez"
"857","Derrick Torres"
"858","Megan Harris"
"859","Nicholas Jackson"
"860","Timothy Patterson"
"861","Richard Foster"
"862","Angela Randolph"
"863","Terri Hayes"
"864","James Mcclure"
"865","James Williams"
"866","Stephanie Reyes"
"867","Lisa White"
"868","Patrick Patton"
"869","Andrew Baldwin"
"870","Lisa Monroe"
"871","Teresa Baldwin"
"872","Aaron Collins"
"873","Karen Arnold"
"874","Richard Morales"
"875","Jeffrey Dunlap"
"876","Lauren Weaver"
"877","Ryan Carson"
"878","Marc Ward"
"879","Shannon Santiago"
"880","Miguel Reid"
"881","Christopher Duffy"
"882","David Fischer"
"883","Tami Garcia"
"884","Paul Jones"
"885","Debra Sanchez"
"886","Andrea Holt"
"887","Carmen Taylor"
"888","John Valencia"
"889","Craig Lopez"
"890","Thomas Dunlap"
"891","Melissa Gaines"
"892","Cathy Sullivan"
"893","Geoffrey Bradford"
"894","Christine Davis"
"895","Brittany Mitchell"
"896","Glenn Griffin"
"897","Kendra Williamson"
"898","Alan Johnson"
"899","Lisa Parker"
"900","Joseph Stewart"
"901","Billy Flowers"
"902","Jennifer Williams"
"903","Mr. Kyle Massey"
"904","Sara Galloway"
"905","William Olsen"
"906","Leah Jones"
"907","Sean Hernandez"
"908","Ernest Martinez"
"909","John Chapman DVM"
"910","Anthony Thomas"
"911","William Morgan"
"912","Susan Hines"
"913","Julia Garcia"
"914","Shane Edwards"
"915","Marc Jacobs"
"916","Kristin Preston"
"917","Ronald Calderon"
"918","Luis Lane"
"919","Mary Smith"
"920","Wendy Sanders"
"921","Elizabeth Herrera"
"922","Eric Perry"
"923","Wendy Lawson"
"924","Renee Lopez"
"925","Mary Douglas"
"926","Dr. Michelle Snow"
"927","William Tyler"
"928","Connie Sanchez"
"929","Richard Freeman"
"930","Arthur Mitchell"
"931","Wyatt Rios"
"932","Julie Mcclain"
"933","Connor Ho"
"934","Catherine Raymond"
"935","Donna Thomas"
"936","Mr. Marc Anderson"
"937","Kenneth Horton"
"938","Kent Chen"
"939","Deanna Jackson"
"940","Teresa Young"
"941","Amanda Wade"
"942","Ivan Johnson"
"943","Kristin Perry"
"944","Krystal Friedman"
"945","Caitlin Schultz"
"946","Heather Brown"
"947","Ashley Rowe"
"948","Alexandra Walters"
"949","Vincent Forbes"
"950","Crystal Fitzgerald"
"951","Thomas Miller"
"952","Mathew Calhoun"
"953","Jared Pacheco"
"954","Heather Scott"
"955","Steven Gibson"
"956","Larry Livingston"
"957","Linda Johnson"
"958","Katherine Smith"
"959","Robert Nelson"
"960","Glenn Rodriguez"
"961","Jamie Howell"
"962","Robert Chandler"
"963","Isaiah Aguilar"
"964","Kathy Decker"
"965","Robin Gray"
"966","Colin Mclean"
"967","Guy Morgan"
"968","Tony Hunt"
"969","Timothy Reyes"
"970","Christopher Pollard"
"971","Jason Kim"
"972","Frank Osborne"
"973","Dylan Walter"
"974","Gregory Sherman"
"975","Wayne Cruz"
"976","Nancy Le"
"977","Anna Roman"
"978","Ryan Porter"
"979","Maria Cooper"
"980","Jodi Schmidt"
"981","Belinda Khan"
"982","Brent Morales"
"983","Sean Rivera"
"984","Madison Davis"
"985","Allison Brady"
"986","Kelly Franklin"
"987","Brandon Dennis"
"988","Scott Hart"
"989","Veronica Oneal"
"990","Jack Parker"
"991","Jason Burnett"
"992","Mariah Ross"
"993","Jake Johnson"
"994","Kayla Floyd"
"995","Robert Walsh"
"996","April Young"
"997","Kristine Johnson"
"998","Linda Bullock"
"999","Caleb Soto"
"1000","Tyler Brown"