"id","Name","Capital","Population","ISO","TLD","FlagURL"
"1","El Salvador","Kristybury","355169921","TN","wxu","https://dummyimage.com/777x133"
"2","Lebanon","New William","413929227","UK","akj","https://picsum.photos/772/459"
"3","Pakistan","Justinstad","568781337","PG","rqv","https://dummyimage.com/245x330"
"4","Bahamas","Williamland","115914464","TD","nzd","https://placekitten.com/425/474"
"5","Cote d'Ivoire","West Walter","411857503","GR","adr","https://placekitten.com/208/194"
"6","Chad","Scottview","573324091","RG","uuv","https://placekitten.com/373/1018"
"7","Christmas Island","Grantstad","260282962","IH","obh","https://picsum.photos/485/310"
"8","Bouvet Island (Bouvetoya)","Aaronport","458328396","IE","bcu","https://dummyimage.com/224x680"
"9","Northern Mariana Islands","Daystad","253208554","UQ","oqf","https://placekitten.com/443/887"
"10","France","South Theresashire","748387220","SI","dzp","https://dummyimage.com/591x879"
"11","Kenya","Carolborough","671342351","NI","cfq","https://picsum.photos/285/502"
"12","Gabon","South Tim","675549014","YH","hoa","https://dummyimage.com/288x124"
"13","Vietnam","Harringtonville","805615369","LF","rxk","https://picsum.photos/47/782"
"14","Burkina Faso","Brooksside","384372414","KB","pie","https://dummyimage.com/903x738"
"15","Eritrea","Port Savannahborough","216659626","KS","tsx","https://placekitten.com/831/566"
"16","Burundi","North Cameronmouth","464953281","SV","muq","https://picsum.photos/294/551"
"17","Libyan Arab Jamahiriya","Whitakerchester","806389837","VR","eig","https://picsum.photos/262/457"
"18","Brunei Darussalam","East Meganhaven","936880562","CU","eog","https://picsum.photos/523/619"
"19","Saint Lucia","Guzmanshire","608099261","ZN","iun","https://placekitten.com/571/418"
"20","Niger","Lake Kathrynstad","745657113","EW","bds","https://dummyimage.com/858x364"
"21","Mauritius","West Isaacchester","416285578","ZD","hbv","https://placekitten.com/318/646"
"22","Saint Martin","Laurenburgh","839249777","UB","kmc","https://picsum.photos/100/261"
"23","El Salvador","Bethtown","600442667","KQ","ans","https://picsum.photos/894/780"
"24","Ethiopia","Port Dominiqueborough","122149363","NT","rkl","https://placekitten.com/623/522"
"25","Antarctica (the territory South of 60 deg S)","Kimberlyburgh","96215362","EH","ird","https://dummyimage.com/868x991"
"26","Moldova","Lake Jamesberg","242690152","NL","dum","https://placekitten.com/161/504"
"27","New Zealand","Colemantown","950646443","VT","zhs","https://picsum.photos/328/102"
"28","Jamaica","Dunlapshire","896154480","EZ","tic","https://picsum.photos/189/1013"
"29","Zimbabwe","Vasquezbury","25912301","HB","van","https://placekitten.com/548/878"
"30","Malawi","Lake Danaton","307508183","FG","blu","https://dummyimage.com/557x119"
"31","Australia","New Jennifer","617298094","HW","hxl","https://placekitten.com/718/782"
"32","Saudi Arabia","Davidburgh","626357871","ZM","wqv","https://placekitten.com/397/280"
"33","Iraq","Carterland","207449089","SS","mjf","https://placekitten.com/545/904"
"34","Samoa","West Gregoryshire","490693278","RW","okn","https://placekitten.com/900/852"
"35","Vanuatu","Allisonbury","614151559","DX","wgk","https://picsum.photos/615/225"
"36","Cyprus","East Angelaside","703412275","ST","whj","https://placekitten.com/734/648"
"37","Maldives","Coleshire","889152733","EX","txd","https://picsum.photos/953/372"
"38","Tonga","Luisberg","955794781","TH","stu","https://picsum.photos/580/680"
"39","Togo","Smithton","62672250","DW","rxy","https://placekitten.com/284/660"
"40","Kazakhstan","Tylerport","379732471","ZW","cfv","https://placekitten.com/434/388"
"41","Lesotho","New Erinhaven","607503765","JH","wkq","https://picsum.photos/925/372"
"42","Indonesia","Farleyberg","809789742","VW","iey","https://placekitten.com/108/868"
"43","Nauru","Williamstown","434738740","AI","knj","https://placekitten.com/611/175"
"44","Mauritania","South William","285116022","XF","byv","https://dummyimage.com/152x367"
"45","Marshall Islands","Hallborough","431549205","IG","dmb","https://picsum.photos/1002/293"
"46","Samoa","North Megan","770763216","AT","zlg","https://placekitten.com/366/667"
"47","Lesotho","West Gabrielle","539756589","PF","swj","https://dummyimage.com/124x389"
"48","Tonga","Sheliaport","251963050","YO","oke","https://picsum.photos/546/505"
"49","Puerto Rico","Michaelfurt","943338242","KH","xml","https://dummyimage.com/95x441"
"50","Wallis and Futuna","Lake Jeffrey","122202969","VF","lxf","https://dummyimage.com/79x206"
"51","Serbia","Garzaville","349023357","UA","hbl","https://dummyimage.com/690x388"
"52","Guatemala","South Kayla","174250731","IV","rgw","https://dummyimage.com/635x848"
"53","Heard Island and McDonald Islands","Thompsonburgh","131781209","XJ","jvg","https://picsum.photos/262/67"
"54","Libyan Arab Jamahiriya","Amandabury","267876363","SW","prp","https://picsum.photos/229/474"
"55","Denmark","East Susan","945826658","JI","onn","https://placekitten.com/54/224"
"56","South Africa","South Matthewburgh","32691379","AQ","bad","https://picsum.photos/1012/517"
"57","Germany","Hillland","489367661","GL","qtm","https://placekitten.com/305/158"
"58","United States Virgin Islands","Robertsville","568412024","DI","zbw","https://dummyimage.com/710x926"
"59","Peru","Williamsshire","526837636","XB","zhg","https://placekitten.com/336/383"
"60","Ukraine","Mariaside","375905321","KL","dzi","https://picsum.photos/518/426"
"61","Maldives","Lestershire","815887301","FA","koj","https://picsum.photos/112/981"
"62","Tonga","East Rose","17061286","TB","aoz","https://dummyimage.com/723x572"
"63","Belarus","South Tracy","629639874","CB","aey","https://placekitten.com/717/734"
"64","Haiti","Lake Terriburgh","828555270","UD","upp","https://placekitten.com/933/770"
"65","Tonga","Patriciaborough","876855302","TE","ieu","https://dummyimage.com/83x51"
"66","Tuvalu","Scotttown","740211691","GH","dqj","https://dummyimage.com/375x469"
"67","Dominican Republic","Collinsfurt","754495830","UB","ogx","https://picsum.photos/410/694"
"68","India","Colliershire","997523793","DP","btn","https://picsum.photos/82/606"
"69","Andorra","West Ericborough","202242465","LK","qsi","https://picsum.photos/403/982"
"70","Rwanda","East Michael","644286355","WP","urz","https://picsum.photos/578/372"
"71","Uzbekistan","Port Lisa","995286247","PD","lel","https://placekitten.com/637/219"
"72","Sudan","South Sarah","126754996","VQ","zpu","https://placekitten.com/12/750"
"73","Sao Tome and Principe","North Carlmouth","754801700","EW","lpn","https://picsum.photos/378/744"
"74","Saint Barthelemy","Snydertown","9847993","UA","ycj","https://dummyimage.com/220x263"
"75","Swaziland","Kirbyhaven","881944172","YQ","krw","https://placekitten.com/166/759"
"76","Zimbabwe","Port Whitneystad","159762400","ZB","olr","https://placekitten.com/676/208"
"77","Slovakia (Slovak Republic)","Tracybury","414561534","LM","jbr","https://picsum.photos/384/280"
"78","Comoros","West Lindaside","549347549","QH","bkl","https://picsum.photos/909/645"
"79","Lao People's Democratic Republic","Washingtontown","604922931","RH","pri","https://placekitten.com/203/105"
"80","Iceland","Port Heather","362405123","JJ","mkb","https://placekitten.com/102/327"
"81","Saint Vincent and the Grenadines","West William","206102524","YG","cvv","https://placekitten.com/195/117"
"82","Portugal","Margaretfort","417626166","JV","pcn","https://placekitten.com/21/728"
"83","Angola","New Carolyn","632172852","YY","dib","https://placekitten.com/538/806"
"84","Haiti","Wheelerside","489229738","HP","hwc","https://placekitten.com/881/136"
"85","Togo","Baileyville","455329421","US","asg","https://placekitten.com/310/811"
"86","French Guiana","East Angela","103893841","UV","ihr","https://placekitten.com/493/834"
"87","Guinea-Bissau","Deborahmouth","757858239","CI","udb","https://placekitten.com/978/197"
"88","Finland","East Kristopher","296328726","OD","wyk","https://dummyimage.com/374x142"
"89","Switzerland","West Stephanie","187924117","JO","atx","https://placekitten.com/524/332"
"90","Costa Rica","Michaelmouth","568372048","WE","str","https://dummyimage.com/576x624"
"91","Comoros","North Michaelside","371701950","KQ","lik","https://placekitten.com/967/1024"
"92","Lithuania","West Lisa","488090584","JL","rty","https://placekitten.com/385/357"
"93","Cocos (Keeling) Islands","East Trevormouth","458557571","OE","yfq","https://placekitten.com/140/380"
"94","United States Virgin Islands","West Margaretton","384769031","AK","myq","https://picsum.photos/360/158"
"95","Northern Mariana Islands","Travisborough","88302154","VQ","bsg","https://placekitten.com/461/530"
"96","Andorra","Lake Charlotte","957065516","DG","xpv","https://dummyimage.com/1023x209"
"97","Finland","Bradleymouth","157372813","TK","ilt","https://picsum.photos/288/755"
"98","India","North Benjamin","452549531","GF","rqf","https://picsum.photos/28/384"
"99","Barbados","Wagnertown","795202432","QG","loy","https://dummyimage.com/414x451"
"100","Armenia","North Dominic","196212536","AB","lda","https://picsum.photos/567/580"
"101","Pitcairn Islands","Brownmouth","854776754","NJ","pec","https://picsum.photos/748/590"
"102","Holy See (Vatican City State)","West Angelicastad","898777012","FS","ypi","https://dummyimage.com/601x631"
"103","Central African Republic","Lake Eddie","349293100","WC","xgg","https://placekitten.com/270/834"
"104","Iceland","Wilkersonburgh","162902545","TZ","ecc","https://placekitten.com/402/252"
"105","Libyan Arab Jamahiriya","Scottshire","205468616","YZ","uji","https://dummyimage.com/605x843"
"106","Chile","Jonesfort","860436763","LG","pge","https://placekitten.com/851/60"
"107","Malaysia","Katherinechester","624983728","MY","jri","https://placekitten.com/124/718"
"108","Cambodia","West Emily","235870672","VB","mpr","https://placekitten.com/970/572"
"109","Yemen","Andreaport","326059301","HK","lrp","https://picsum.photos/93/589"
"110","Lebanon","Ortizview","838875390","LA","hha","https://picsum.photos/660/1016"
"111","Taiwan","Marthashire","229382413","JM","gys","https://dummyimage.com/246x947"
"112","Sweden","Pierceland","457260342","DH","juq","https://picsum.photos/527/229"
"113","Uruguay","East Gavin","29803595","CU","sud","https://picsum.photos/693/919"
"114","Namibia","South Daisyfurt","200765602","WD","ofn","https://placekitten.com/262/269"
"115","Tuvalu","Ronaldside","369198622","VD","gdp","https://dummyimage.com/279x816"
"116","South Georgia and the South Sandwich Islands","Lake Chelseatown","882361959","SQ","myv","https://picsum.photos/907/255"
"117","United States Virgin Islands","West Brandonland","113847959","TX","rob","https://picsum.photos/190/74"
"118","United Kingdom","Port Alyssa","885431172","WE","lcb","https://dummyimage.com/134x89"
"119","Korea","Port Noah","144086993","GK","akj","https://picsum.photos/833/811"
"120","Romania","New Michaelfurt","910305574","MF","lhr","https://dummyimage.com/495x27"
"121","Bolivia","West Kelseyhaven","328920082","SE","yah","https://dummyimage.com/822x691"
"122","Cote d'Ivoire","Greenstad","613627429","NY","roq","https://placekitten.com/275/1010"
"123","Hong Kong","Lake Lauren","460083764","LN","oqa","https://picsum.photos/845/834"
"124","United States Virgin Islands","North Sabrina","930991235","DQ","kjr","https://placekitten.com/823/154"
"125","Guadeloupe","Aaronburgh","323939418","KA","bse","https://dummyimage.com/119x503"
"126","Cuba","Brownville","369963961","EC","frp","https://dummyimage.com/386x67"
"127","Saint Kitts and Nevis","Richmondville","89202498","JY","suc","https://picsum.photos/266/255"
"128","Liechtenstein","Laneside","424101454","YH","rhu","https://dummyimage.com/944x728"
"129","Poland","East Donna","438051374","AI","ewh","https://placekitten.com/699/250"
"130","Solomon Islands","New Rebecca","397809410","XU","gjo","https://picsum.photos/966/450"
"131","Saint Vincent and the Grenadines","Weaverfurt","998938756","FF","qjy","https://dummyimage.com/11x792"
"132","Ghana","Port Willieshire","988980346","NA","sgk","https://picsum.photos/663/506"
"133","British Indian Ocean Territory (Chagos Archipelago)","North Jeffreybury","802856866","TM","jyu","https://dummyimage.com/752x844"
"134","Montserrat","Bradleybury","438195722","CN","uez","https://placekitten.com/199/527"
"135","Cayman Islands","East Kristopherberg","937634930","QC","yzt","https://picsum.photos/680/813"
"136","Costa Rica","South Sharon","284578838","TD","uvn","https://dummyimage.com/466x908"
"137","Belarus","New Karen","612012345","XV","bvf","https://placekitten.com/964/264"
"138","Bermuda","Hallview","254789464","WG","fer","https://picsum.photos/623/65"
"139","British Indian Ocean Territory (Chagos Archipelago)","South Theodore","32867369","DG","crm","https://dummyimage.com/61x672"
"140","North Macedonia","Elizabethtown","139833069","NU","ccf","https://dummyimage.com/74x120"
"141","Malta","South Shawnfort","167623171","OK","rza","https://placekitten.com/106/988"
"142","Grenada","North Brendaburgh","110217696","HQ","oyf","https://dummyimage.com/685x349"
"143","India","Leonardmouth","993043811","WO","qsd","https://dummyimage.com/283x367"
"144","Russian Federation","Lake Michael","370840703","BZ","gkz","https://placekitten.com/11/522"
"145","Netherlands Antilles","North Elizabethmouth","5928441","DV","ckj","https://placekitten.com/287/790"
"146","Namibia","South Tiffany","778923263","EY","ynh","https://placekitten.com/350/214"
"147","Malawi","North Tonya","815689731","WJ","qpk","https://dummyimage.com/65x268"
"148","Lebanon","New Jasmin","529776488","TB","afq","https://placekitten.com/508/587"
"149","Isle of Man","Rossbury","323051818","BH","qfi","https://picsum.photos/3/955"
"150","Djibouti","Port Drew","887689593","TO","znj","https://picsum.photos/89/226"
"151","Libyan Arab Jamahiriya","Lambertville","506393973","MS","abt","https://dummyimage.com/306x211"
"152","United States of America","Lake Tracibury","715002909","IQ","aea","https://placekitten.com/293/881"
"153","Martinique","Port Cindy","766434806","XC","pmp","https://placekitten.com/1015/47"
"154","Mongolia","North Raymond","63217411","RO","kmq","https://placekitten.com/575/337"
"155","Ireland","Jamesville","460577671","OW","okz","https://dummyimage.com/96x763"
"156","Tunisia","Port Jennifer","629368599","SM","zap","https://placekitten.com/897/160"
"157","Zimbabwe","Port Adam","209848834","UY","hrz","https://dummyimage.com/539x985"
"158","Turkmenistan","North Jerryville","186275543","DF","ukw","https://picsum.photos/367/30"
"159","Guadeloupe","Christianfurt","232316150","RC","jcc","https://dummyimage.com/932x609"
"160","Marshall Islands","Lake Jesse","671993164","VZ","big","https://placekitten.com/752/456"
"161","Russian Federation","Loriton","409257562","JA","igk","https://placekitten.com/778/217"
"162","Slovenia","Danielside","536194602","WH","jly","https://placekitten.com/409/785"
"163","Turks and Caicos Islands","Port Elizabethborough","843634215","YB","asg","https://picsum.photos/236/447"
"164","Comoros","New Williamville","682160108","RT","ykt","https://picsum.photos/579/633"
"165","Cook Islands","Port Timothytown","317902397","ED","pmf","https://dummyimage.com/827x408"
"166","Iran","North Glenda","943344165","YV","ety","https://placekitten.com/783/412"
"167","Sierra Leone","Lawsonport","680797843","DZ","xyc","https://picsum.photos/71/758"
"168","Turks and Caicos Islands","West Carlosborough","838694009","PL","yia","https://placekitten.com/307/216"
"169","Korea","New Kristine","380544195","UF","xzp","https://picsum.photos/242/380"
"170","Dominican Republic","Lake Ronaldfort","258209911","VE","nsv","https://placekitten.com/46/456"
"171","Afghanistan","Sarahport","569377406","PS","sdo","https://dummyimage.com/383x115"
"172","Faroe Islands","Randallburgh","552249239","YM","aej","https://dummyimage.com/1x604"
"173","French Guiana","Port Adamberg","831904755","QN","mio","https://dummyimage.com/99x275"
"174","Burkina Faso","Port Shannon","194080479","PK","vao","https://picsum.photos/127/107"
"175","Samoa","New Tina","359628325","CZ","zcd","https://picsum.photos/668/185"
"176","Algeria","Padillaland","252160592","IP","gjt","https://picsum.photos/429/228"
"177","Slovakia (Slovak Republic)","Lake Leefort","244229934","OP","pwo","https://dummyimage.com/697x943"
"178","Bouvet Island (Bouvetoya)","Port Kelly","129024072","GU","ykb","https://placekitten.com/581/434"
"179","Bulgaria","Samuelmouth","717930401","SM","vgb","https://dummyimage.com/1001x612"
"180","Italy","Lake Michael","953565480","EE","emp","https://picsum.photos/117/238"
"181","Venezuela","New Frankmouth","194171357","GB","cgf","https://placekitten.com/237/41"
"182","Fiji","Kellyland","125261194","KS","jkt","https://dummyimage.com/109x544"
"183","Dominica","Lake Richard","440166805","RV","gdt","https://picsum.photos/1021/372"
"184","Austria","Sanchezborough","506289532","LH","kyz","https://picsum.photos/370/997"
"185","Kuwait","Jamesside","838234449","EX","ywh","https://dummyimage.com/619x903"
"186","Timor-Leste","East Susan","681303668","PY","nmv","https://picsum.photos/852/363"
"187","Australia","East Connor","27400843","XI","dhe","https://picsum.photos/49/787"
"188","Cyprus","Port Victoria","919160104","OG","lio","https://placekitten.com/50/504"
"189","Israel","Lynchtown","203101496","MB","wqx","https://dummyimage.com/289x197"
"190","Guam","Fitzgeraldview","105547138","HQ","aux","https://picsum.photos/905/141"
"191","French Guiana","East Nicole","142264880","KY","dqr","https://placekitten.com/828/588"
"192","Uganda","Port Angela","65476934","PA","chq","https://placekitten.com/364/346"
"193","Turks and Caicos Islands","Powellshire","296505490","YG","wek","https://placekitten.com/763/162"
"194","Grenada","West Geraldmouth","798831436","MR","vxc","https://dummyimage.com/189x285"
"195","Georgia","Kristentown","4689747","JE","sdf","https://placekitten.com/715/693"
"196","Christmas Island","Port Alexandra","601297093","CE","gvt","https://dummyimage.com/20x1010"
"197","Saudi Arabia","West Chadchester","53475744","AO","xlm","https://placekitten.com/453/154"
"198","South Africa","Hortonfurt","668152169","TT","qov","https://dummyimage.com/975x808"
"199","Marshall Islands","Russellfurt","332567334","DL","jie","https://placekitten.com/868/78"
"200","Japan","Lake Janemouth","919778865","IX","dxu","https://picsum.photos/770/754"